smells,bugs,vulnerabilities,security_hotspots,lines_of_code,comments,comments_density,debt,smells_minor,smells_major,smells_critical,smells_blocker,smells_info,bugs_minor,bugs_major,bugs_critical,bugs_blocker,bugs_info,vulnerabilities_minor,vulnerabilities_major,vulnerabilities_critical,vulnerabilities_blocker,vulnerabilities_info,hotspots_minor,hotspots_major,hotspots_critical,hotspots_blocker,hotspots_info
5.0,8.0,0.0,0.0,1597.0,482.0,23.184223184223185,42.0,2.0,0.0,2.0,0.0,1.0,1.0,7.0,0.0,0.0,0.0,0.0,0.0,0.0,0.0,0.0,0.0,0.0,0.0,0.0,0.0
891.0,364.0,0.0,48.0,39816.0,1867.0,4.479044214667851,11246.0,127.0,676.0,81.0,7.0,0.0,7.0,355.0,1.0,1.0,0.0,0.0,0.0,0.0,0.0,0.0,1.0,0.0,47.0,0.0,0.0
4.0,0.0,0.0,0.0,133.0,42.0,24.0,8.0,4.0,0.0,0.0,0.0,0.0,0.0,0.0,0.0,0.0,0.0,0.0,0.0,0.0,0.0,0.0,0.0,0.0,0.0,0.0,0.0
2.0,7.0,0.0,0.0,380.0,8.0,2.0618556701030926,13.0,1.0,0.0,0.0,0.0,1.0,0.0,6.0,1.0,0.0,0.0,0.0,0.0,0.0,0.0,0.0,0.0,0.0,0.0,0.0,0.0
44.0,0.0,0.0,0.0,2965.0,290.0,8.90937019969278,416.0,0.0,0.0,44.0,0.0,0.0,0.0,0.0,0.0,0.0,0.0,0.0,0.0,0.0,0.0,0.0,0.0,0.0,0.0,0.0,0.0
6.0,2.0,0.0,0.0,628.0,25.0,3.828483920367534,66.0,0.0,5.0,1.0,0.0,0.0,0.0,2.0,0.0,0.0,0.0,0.0,0.0,0.0,0.0,0.0,0.0,0.0,0.0,0.0,0.0
0.0,0.0,0.0,0.0,0.0,0.0,0.0,0.0,0.0,0.0,0.0,0.0,0.0,0.0,0.0,0.0,0.0,0.0,0.0,0.0,0.0,0.0,0.0,0.0,0.0,0.0,,
0.0,0.0,0.0,0.0,1640.0,0.0,0.0,0.0,0.0,0.0,0.0,0.0,0.0,0.0,0.0,0.0,0.0,0.0,0.0,0.0,0.0,0.0,0.0,0.0,0.0,0.0,0.0,0.0
41.0,0.0,0.0,1.0,7394.0,2332.0,23.976968949208306,437.0,0.0,0.0,41.0,0.0,0.0,0.0,0.0,0.0,0.0,0.0,0.0,0.0,0.0,0.0,0.0,1.0,0.0,0.0,0.0,0.0
0.0,0.0,0.0,1.0,10.0,0.0,0.0,0.0,0.0,0.0,0.0,0.0,0.0,0.0,0.0,0.0,0.0,0.0,0.0,0.0,0.0,0.0,0.0,0.0,0.0,1.0,0.0,0.0
2767.0,96.0,13.0,32.0,54705.0,4421.0,7.477251970368366,23345.0,1257.0,1045.0,407.0,9.0,49.0,29.0,43.0,14.0,10.0,0.0,0.0,0.0,13.0,0.0,0.0,14.0,4.0,14.0,0.0,0.0
14.0,0.0,0.0,0.0,419.0,269.0,39.098837209302324,75.0,8.0,4.0,2.0,0.0,0.0,0.0,0.0,0.0,0.0,0.0,0.0,0.0,0.0,0.0,0.0,0.0,0.0,0.0,0.0,0.0
1.0,0.0,0.0,2.0,56.0,31.0,35.63218390804598,5.0,0.0,1.0,0.0,0.0,0.0,0.0,0.0,0.0,0.0,0.0,0.0,0.0,0.0,0.0,0.0,0.0,1.0,1.0,0.0,0.0
0.0,0.0,0.0,0.0,120.0,0.0,0.0,0.0,0.0,0.0,0.0,0.0,0.0,0.0,0.0,0.0,0.0,0.0,0.0,0.0,0.0,0.0,0.0,0.0,0.0,0.0,0.0,0.0
6.0,5.0,0.0,1.0,261.0,77.0,22.781065088757398,58.0,0.0,1.0,5.0,0.0,0.0,2.0,3.0,0.0,0.0,0.0,0.0,0.0,0.0,0.0,0.0,1.0,0.0,0.0,0.0,0.0
456.0,27.0,0.0,22.0,18492.0,5760.0,23.75061850569025,27662.0,107.0,279.0,66.0,0.0,4.0,6.0,20.0,0.0,1.0,0.0,0.0,0.0,0.0,0.0,0.0,1.0,0.0,21.0,0.0,0.0
29.0,7.0,0.0,2.0,266.0,26.0,8.904109589041095,249.0,13.0,14.0,2.0,0.0,0.0,3.0,4.0,0.0,0.0,0.0,0.0,0.0,0.0,0.0,0.0,2.0,0.0,0.0,0.0,0.0
0.0,0.0,0.0,0.0,0.0,0.0,0.0,0.0,0.0,0.0,0.0,0.0,0.0,0.0,0.0,0.0,0.0,0.0,0.0,0.0,0.0,0.0,0.0,0.0,0.0,0.0,,
5.0,12.0,0.0,0.0,1684.0,182.0,9.753483386923902,31.0,0.0,5.0,0.0,0.0,0.0,1.0,9.0,2.0,0.0,0.0,0.0,0.0,0.0,0.0,0.0,0.0,0.0,0.0,0.0,0.0
364.0,6.0,0.0,2.0,21723.0,4875.0,18.328445747800586,3400.0,44.0,271.0,40.0,3.0,6.0,3.0,3.0,0.0,0.0,0.0,0.0,0.0,0.0,0.0,0.0,0.0,0.0,1.0,1.0,0.0
495.0,0.0,0.0,0.0,3587.0,890.0,19.87938351574715,1817.0,417.0,66.0,12.0,0.0,0.0,0.0,0.0,0.0,0.0,0.0,0.0,0.0,0.0,0.0,0.0,0.0,0.0,0.0,0.0,0.0
4988.0,701.0,0.0,0.0,3771.0,34.0,0.8935611038107752,26774.0,1.0,4987.0,0.0,0.0,0.0,550.0,101.0,0.0,50.0,0.0,0.0,0.0,0.0,0.0,0.0,0.0,0.0,0.0,0.0,0.0
61.0,5.0,0.0,2.0,987.0,364.0,26.94300518134715,303.0,36.0,12.0,13.0,0.0,0.0,0.0,5.0,0.0,0.0,0.0,0.0,0.0,0.0,0.0,0.0,1.0,0.0,1.0,0.0,0.0
225.0,2.0,0.0,1.0,10222.0,2218.0,17.829581993569132,1896.0,2.0,193.0,24.0,6.0,0.0,0.0,2.0,0.0,0.0,0.0,0.0,0.0,0.0,0.0,0.0,1.0,0.0,0.0,0.0,0.0
9.0,2.0,0.0,0.0,527.0,15.0,2.7675276752767526,46.0,3.0,6.0,0.0,0.0,0.0,0.0,2.0,0.0,0.0,0.0,0.0,0.0,0.0,0.0,0.0,0.0,0.0,0.0,0.0,0.0
0.0,0.0,0.0,0.0,111.0,46.0,29.29936305732484,0.0,0.0,0.0,0.0,0.0,0.0,0.0,0.0,0.0,0.0,0.0,0.0,0.0,0.0,0.0,0.0,0.0,0.0,0.0,0.0,0.0
62.0,2.0,0.0,0.0,2005.0,8.0,0.39741679085941384,365.0,14.0,39.0,5.0,0.0,4.0,0.0,2.0,0.0,0.0,0.0,0.0,0.0,0.0,0.0,0.0,0.0,0.0,0.0,0.0,0.0
539.0,78.0,0.0,2.0,8956.0,1303.0,12.701042986645872,5454.0,126.0,263.0,150.0,0.0,0.0,4.0,71.0,0.0,3.0,0.0,0.0,0.0,0.0,0.0,0.0,0.0,0.0,2.0,0.0,0.0
199.0,8.0,0.0,10.0,5832.0,380.0,6.117192530585962,1684.0,101.0,47.0,42.0,4.0,5.0,5.0,1.0,0.0,2.0,0.0,0.0,0.0,0.0,0.0,0.0,5.0,4.0,1.0,0.0,0.0
1.0,0.0,0.0,0.0,151.0,2.0,1.3071895424836601,5.0,0.0,1.0,0.0,0.0,0.0,0.0,0.0,0.0,0.0,0.0,0.0,0.0,0.0,0.0,0.0,0.0,0.0,0.0,0.0,0.0
13.0,5.0,0.0,2.0,1144.0,499.0,30.371272063298843,129.0,5.0,7.0,1.0,0.0,0.0,4.0,0.0,1.0,0.0,0.0,0.0,0.0,0.0,0.0,0.0,0.0,0.0,2.0,0.0,0.0
0.0,1.0,0.0,0.0,3407.0,584.0,14.63292407917815,2.0,0.0,0.0,0.0,0.0,0.0,0.0,1.0,0.0,0.0,0.0,0.0,0.0,0.0,0.0,0.0,0.0,0.0,0.0,0.0,0.0
5.0,3.0,0.0,3.0,305.0,28.0,8.408408408408409,31.0,0.0,4.0,1.0,0.0,0.0,1.0,2.0,0.0,0.0,0.0,0.0,0.0,0.0,0.0,0.0,3.0,0.0,0.0,0.0,0.0
2102.0,170.0,0.0,27.0,86392.0,28811.0,25.00889733774294,28302.0,827.0,795.0,374.0,27.0,79.0,54.0,108.0,3.0,5.0,0.0,0.0,0.0,0.0,0.0,0.0,1.0,0.0,26.0,0.0,0.0
5.0,0.0,0.0,1.0,129.0,16.0,11.03448275862069,25.0,0.0,5.0,0.0,0.0,0.0,0.0,0.0,0.0,0.0,0.0,0.0,0.0,0.0,0.0,0.0,1.0,0.0,0.0,0.0,0.0
408.0,88.0,0.0,11.0,8799.0,732.0,7.68020144790683,4234.0,115.0,218.0,60.0,0.0,15.0,36.0,51.0,0.0,1.0,0.0,0.0,0.0,0.0,0.0,0.0,9.0,0.0,2.0,0.0,0.0
1.0,0.0,0.0,0.0,164.0,64.0,28.07017543859649,5.0,0.0,1.0,0.0,0.0,0.0,0.0,0.0,0.0,0.0,0.0,0.0,0.0,0.0,0.0,0.0,0.0,0.0,0.0,0.0,0.0
89.0,2.0,0.0,2.0,3003.0,520.0,14.760147601476014,505.0,43.0,29.0,17.0,0.0,0.0,0.0,0.0,0.0,2.0,0.0,0.0,0.0,0.0,0.0,0.0,0.0,0.0,2.0,0.0,0.0
13.0,0.0,0.0,2.0,283.0,44.0,13.455657492354739,35.0,7.0,3.0,0.0,3.0,0.0,0.0,0.0,0.0,0.0,0.0,0.0,0.0,0.0,0.0,0.0,0.0,0.0,2.0,0.0,0.0
13.0,1.0,0.0,0.0,1039.0,442.0,29.844699527346386,100.0,5.0,3.0,5.0,0.0,0.0,0.0,0.0,1.0,0.0,0.0,0.0,0.0,0.0,0.0,0.0,0.0,0.0,0.0,0.0,0.0
2.0,0.0,0.0,0.0,77.0,1.0,1.282051282051282,14.0,0.0,0.0,2.0,0.0,0.0,0.0,0.0,0.0,0.0,0.0,0.0,0.0,0.0,0.0,0.0,0.0,0.0,0.0,0.0,0.0
23.0,13.0,0.0,24.0,3381.0,20.0,0.5880623346074685,255.0,13.0,7.0,2.0,1.0,0.0,5.0,4.0,4.0,0.0,0.0,0.0,0.0,0.0,0.0,0.0,21.0,0.0,3.0,0.0,0.0
0.0,0.0,0.0,0.0,0.0,0.0,0.0,0.0,0.0,0.0,0.0,0.0,0.0,0.0,0.0,0.0,0.0,0.0,0.0,0.0,0.0,0.0,0.0,0.0,0.0,0.0,,
2.0,0.0,0.0,0.0,149.0,2.0,1.3245033112582782,1.0,0.0,1.0,0.0,0.0,1.0,0.0,0.0,0.0,0.0,0.0,0.0,0.0,0.0,0.0,0.0,0.0,0.0,0.0,0.0,0.0
3.0,0.0,0.0,0.0,138.0,4.0,2.8169014084507045,25.0,1.0,2.0,0.0,0.0,0.0,0.0,0.0,0.0,0.0,0.0,0.0,0.0,0.0,0.0,0.0,0.0,0.0,0.0,0.0,0.0
208.0,0.0,0.0,0.0,3776.0,1025.0,21.349718808581546,1099.0,55.0,134.0,17.0,0.0,2.0,0.0,0.0,0.0,0.0,0.0,0.0,0.0,0.0,0.0,0.0,0.0,0.0,0.0,0.0,0.0
98.0,0.0,0.0,0.0,1340.0,385.0,22.318840579710145,442.0,26.0,72.0,0.0,0.0,0.0,0.0,0.0,0.0,0.0,0.0,0.0,0.0,0.0,0.0,0.0,0.0,0.0,0.0,0.0,0.0
4.0,0.0,0.0,3.0,126.0,7.0,5.263157894736842,20.0,1.0,3.0,0.0,0.0,0.0,0.0,0.0,0.0,0.0,0.0,0.0,0.0,0.0,0.0,0.0,0.0,0.0,3.0,0.0,0.0
0.0,0.0,0.0,0.0,0.0,0.0,0.0,0.0,0.0,0.0,0.0,0.0,0.0,0.0,0.0,0.0,0.0,0.0,0.0,0.0,0.0,0.0,0.0,0.0,0.0,0.0,,
4.0,14.0,0.0,0.0,774.0,5.0,0.6418485237483954,56.0,0.0,4.0,0.0,0.0,0.0,6.0,6.0,2.0,0.0,0.0,0.0,0.0,0.0,0.0,0.0,0.0,0.0,0.0,0.0,0.0
1.0,0.0,0.0,0.0,77.0,0.0,0.0,5.0,1.0,0.0,0.0,0.0,0.0,0.0,0.0,0.0,0.0,0.0,0.0,0.0,0.0,0.0,0.0,0.0,0.0,0.0,0.0,0.0
9145.0,855.0,0.0,146.0,298949.0,10275.0,3.322833932683104,128350.0,71.0,8977.0,90.0,7.0,0.0,57.0,776.0,16.0,6.0,0.0,0.0,0.0,0.0,0.0,0.0,42.0,0.0,104.0,0.0,0.0
23.0,1.0,0.0,1.0,1233.0,138.0,10.065645514223196,107.0,6.0,14.0,3.0,0.0,0.0,0.0,1.0,0.0,0.0,0.0,0.0,0.0,0.0,0.0,0.0,0.0,0.0,1.0,0.0,0.0
7.0,1.0,0.0,0.0,284.0,60.0,17.441860465116278,49.0,2.0,3.0,2.0,0.0,0.0,0.0,0.0,0.0,1.0,0.0,0.0,0.0,0.0,0.0,0.0,0.0,0.0,0.0,0.0,0.0
74.0,0.0,0.0,6.0,506.0,58.0,10.28368794326241,372.0,6.0,61.0,7.0,0.0,0.0,0.0,0.0,0.0,0.0,0.0,0.0,0.0,0.0,0.0,0.0,0.0,0.0,6.0,0.0,0.0
22.0,0.0,0.0,0.0,1171.0,9.0,0.7627118644067797,116.0,10.0,6.0,6.0,0.0,0.0,0.0,0.0,0.0,0.0,0.0,0.0,0.0,0.0,0.0,0.0,0.0,0.0,0.0,0.0,0.0
13.0,10.0,0.0,1.0,920.0,185.0,16.7420814479638,105.0,0.0,7.0,1.0,4.0,1.0,2.0,7.0,0.0,1.0,0.0,0.0,0.0,0.0,0.0,0.0,1.0,0.0,0.0,0.0,0.0
15.0,0.0,0.0,0.0,199.0,25.0,11.160714285714286,77.0,8.0,3.0,4.0,0.0,0.0,0.0,0.0,0.0,0.0,0.0,0.0,0.0,0.0,0.0,0.0,0.0,0.0,0.0,0.0,0.0
0.0,0.0,0.0,0.0,0.0,0.0,0.0,0.0,0.0,0.0,0.0,0.0,0.0,0.0,0.0,0.0,0.0,0.0,0.0,0.0,0.0,0.0,0.0,0.0,0.0,0.0,,
2.0,0.0,0.0,0.0,46.0,36.0,43.90243902439025,10.0,0.0,2.0,0.0,0.0,0.0,0.0,0.0,0.0,0.0,0.0,0.0,0.0,0.0,0.0,0.0,0.0,0.0,0.0,0.0,0.0
17.0,14.0,0.0,0.0,4055.0,278.0,6.415878144472652,411.0,0.0,5.0,11.0,1.0,0.0,4.0,10.0,0.0,0.0,0.0,0.0,0.0,0.0,0.0,0.0,0.0,0.0,0.0,0.0,0.0
624.0,31.0,0.0,23.0,27349.0,1598.0,5.52043389643141,8010.0,192.0,257.0,154.0,15.0,6.0,3.0,26.0,2.0,0.0,0.0,0.0,0.0,0.0,0.0,0.0,1.0,0.0,22.0,0.0,0.0
69.0,0.0,0.0,3.0,726.0,88.0,10.81081081081081,355.0,30.0,29.0,10.0,0.0,0.0,0.0,0.0,0.0,0.0,0.0,0.0,0.0,0.0,0.0,0.0,0.0,0.0,3.0,0.0,0.0
1595.0,19.0,3.0,53.0,78552.0,6869.0,8.041348146240386,13414.0,540.0,584.0,471.0,0.0,0.0,7.0,8.0,0.0,4.0,0.0,0.0,0.0,3.0,0.0,0.0,10.0,0.0,33.0,10.0,0.0
75.0,4.0,0.0,0.0,7059.0,904.0,11.352505337184478,496.0,44.0,23.0,5.0,0.0,3.0,0.0,3.0,1.0,0.0,0.0,0.0,0.0,0.0,0.0,0.0,0.0,0.0,0.0,0.0,0.0
431.0,3.0,0.0,14.0,42146.0,16232.0,27.804995032375206,2740.0,218.0,122.0,88.0,3.0,0.0,0.0,1.0,0.0,2.0,0.0,0.0,0.0,0.0,0.0,0.0,0.0,0.0,14.0,0.0,0.0
21.0,0.0,0.0,0.0,489.0,18.0,3.5502958579881656,42.0,20.0,1.0,0.0,0.0,0.0,0.0,0.0,0.0,0.0,0.0,0.0,0.0,0.0,0.0,0.0,0.0,0.0,0.0,0.0,0.0
1.0,0.0,0.0,0.0,112.0,0.0,0.0,2.0,0.0,0.0,0.0,1.0,0.0,0.0,0.0,0.0,0.0,0.0,0.0,0.0,0.0,0.0,0.0,0.0,0.0,0.0,0.0,0.0
149.0,0.0,0.0,3.0,3917.0,595.0,13.187056737588653,709.0,80.0,31.0,38.0,0.0,0.0,0.0,0.0,0.0,0.0,0.0,0.0,0.0,0.0,0.0,0.0,0.0,0.0,3.0,0.0,0.0
0.0,0.0,0.0,0.0,0.0,0.0,0.0,0.0,0.0,0.0,0.0,0.0,0.0,0.0,0.0,0.0,0.0,0.0,0.0,0.0,0.0,0.0,0.0,0.0,0.0,0.0,,
28.0,0.0,0.0,4.0,831.0,100.0,10.741138560687432,150.0,9.0,10.0,6.0,0.0,3.0,0.0,0.0,0.0,0.0,0.0,0.0,0.0,0.0,0.0,0.0,0.0,2.0,2.0,0.0,0.0
115.0,0.0,0.0,2.0,1915.0,11.0,0.5711318795430945,1038.0,52.0,40.0,22.0,0.0,1.0,0.0,0.0,0.0,0.0,0.0,0.0,0.0,0.0,0.0,0.0,0.0,1.0,1.0,0.0,0.0
134.0,1.0,0.0,1.0,2343.0,519.0,18.134171907756812,864.0,36.0,52.0,6.0,1.0,39.0,1.0,0.0,0.0,0.0,0.0,0.0,0.0,0.0,0.0,0.0,0.0,0.0,1.0,0.0,0.0
399.0,0.0,0.0,0.0,12113.0,1256.0,9.39486872615753,2575.0,340.0,4.0,51.0,0.0,4.0,0.0,0.0,0.0,0.0,0.0,0.0,0.0,0.0,0.0,0.0,0.0,0.0,0.0,0.0,0.0
17.0,0.0,0.0,0.0,397.0,187.0,32.02054794520548,173.0,6.0,5.0,6.0,0.0,0.0,0.0,0.0,0.0,0.0,0.0,0.0,0.0,0.0,0.0,0.0,0.0,0.0,0.0,0.0,0.0
4.0,0.0,0.0,0.0,165.0,0.0,0.0,30.0,0.0,2.0,2.0,0.0,0.0,0.0,0.0,0.0,0.0,0.0,0.0,0.0,0.0,0.0,0.0,0.0,0.0,0.0,0.0,0.0
0.0,0.0,0.0,0.0,43.0,11.0,20.37037037037037,0.0,0.0,0.0,0.0,0.0,0.0,0.0,0.0,0.0,0.0,0.0,0.0,0.0,0.0,0.0,0.0,0.0,0.0,0.0,0.0,0.0
941.0,152.0,0.0,8.0,38734.0,2204.0,5.38375103815526,9365.0,612.0,170.0,152.0,6.0,1.0,52.0,58.0,42.0,0.0,0.0,0.0,0.0,0.0,0.0,0.0,0.0,0.0,8.0,0.0,0.0
159.0,7.0,0.0,1.0,1011.0,233.0,18.729903536977492,983.0,4.0,132.0,23.0,0.0,0.0,0.0,1.0,0.0,6.0,0.0,0.0,0.0,0.0,0.0,0.0,0.0,0.0,1.0,0.0,0.0
18.0,536.0,0.0,0.0,6095.0,11.0,0.1801506714706846,4110.0,0.0,18.0,0.0,0.0,0.0,80.0,126.0,302.0,28.0,0.0,0.0,0.0,0.0,0.0,0.0,0.0,0.0,0.0,0.0,0.0
22.0,1.0,0.0,10.0,2139.0,32.0,1.4739751266697374,110.0,10.0,10.0,2.0,0.0,0.0,0.0,1.0,0.0,0.0,0.0,0.0,0.0,0.0,0.0,0.0,4.0,3.0,3.0,0.0,0.0
0.0,10.0,0.0,5.0,72.0,28.0,28.000000000000004,100.0,0.0,0.0,0.0,0.0,0.0,0.0,10.0,0.0,0.0,0.0,0.0,0.0,0.0,0.0,0.0,0.0,4.0,0.0,1.0,0.0
20.0,0.0,0.0,0.0,1629.0,1322.0,44.798373432734664,120.0,6.0,7.0,7.0,0.0,0.0,0.0,0.0,0.0,0.0,0.0,0.0,0.0,0.0,0.0,0.0,0.0,0.0,0.0,0.0,0.0
12.0,1.0,0.0,0.0,520.0,305.0,36.96969696969697,76.0,4.0,5.0,3.0,0.0,0.0,0.0,0.0,0.0,1.0,0.0,0.0,0.0,0.0,0.0,0.0,0.0,0.0,0.0,0.0,0.0
4.0,3.0,0.0,0.0,3216.0,0.0,0.0,29.0,1.0,3.0,0.0,0.0,0.0,0.0,3.0,0.0,0.0,0.0,0.0,0.0,0.0,0.0,0.0,0.0,0.0,0.0,0.0,0.0
9.0,0.0,0.0,1.0,1126.0,330.0,22.664835164835164,55.0,1.0,4.0,4.0,0.0,0.0,0.0,0.0,0.0,0.0,0.0,0.0,0.0,0.0,0.0,0.0,0.0,0.0,1.0,0.0,0.0
3.0,4.0,0.0,2.0,583.0,167.0,22.26666666666667,33.0,1.0,1.0,1.0,0.0,0.0,0.0,4.0,0.0,0.0,0.0,0.0,0.0,0.0,0.0,0.0,2.0,0.0,0.0,0.0,0.0
36.0,1.0,0.0,4.0,425.0,89.0,17.315175097276263,398.0,0.0,14.0,22.0,0.0,0.0,0.0,1.0,0.0,0.0,0.0,0.0,0.0,0.0,0.0,0.0,0.0,0.0,4.0,0.0,0.0
31.0,5.0,0.0,2.0,1730.0,36.0,2.0385050962627407,454.0,6.0,19.0,6.0,0.0,0.0,4.0,1.0,0.0,0.0,0.0,0.0,0.0,0.0,0.0,0.0,1.0,0.0,1.0,0.0,0.0
98.0,1.0,0.0,4.0,2488.0,213.0,7.885968159940762,641.0,34.0,59.0,5.0,0.0,0.0,0.0,1.0,0.0,0.0,0.0,0.0,0.0,0.0,0.0,0.0,0.0,3.0,1.0,0.0,0.0
6.0,0.0,0.0,0.0,893.0,0.0,0.0,18.0,5.0,0.0,1.0,0.0,0.0,0.0,0.0,0.0,0.0,0.0,0.0,0.0,0.0,0.0,0.0,0.0,0.0,0.0,0.0,0.0
30.0,20.0,0.0,1.0,3774.0,162.0,4.115853658536586,406.0,4.0,17.0,6.0,0.0,3.0,0.0,18.0,0.0,2.0,0.0,0.0,0.0,0.0,0.0,0.0,0.0,0.0,1.0,0.0,0.0
4.0,0.0,0.0,2.0,511.0,48.0,8.586762075134168,17.0,4.0,0.0,0.0,0.0,0.0,0.0,0.0,0.0,0.0,0.0,0.0,0.0,0.0,0.0,0.0,2.0,0.0,0.0,0.0,0.0
1786.0,439.0,0.0,37.0,28583.0,4957.0,14.779367918902803,12693.0,1106.0,452.0,221.0,7.0,0.0,53.0,378.0,8.0,0.0,0.0,0.0,0.0,0.0,0.0,0.0,9.0,0.0,28.0,0.0,0.0
6.0,63.0,0.0,2.0,7153.0,385.0,5.107455558503582,345.0,2.0,2.0,2.0,0.0,0.0,62.0,1.0,0.0,0.0,0.0,0.0,0.0,0.0,0.0,0.0,2.0,0.0,0.0,0.0,0.0
0.0,0.0,0.0,0.0,25012.0,6855.0,21.511281262748298,0.0,0.0,0.0,0.0,0.0,0.0,0.0,0.0,0.0,0.0,0.0,0.0,0.0,0.0,0.0,0.0,0.0,0.0,0.0,0.0,0.0
3.0,0.0,0.0,0.0,166.0,4.0,2.3529411764705883,49.0,1.0,1.0,1.0,0.0,0.0,0.0,0.0,0.0,0.0,0.0,0.0,0.0,0.0,0.0,0.0,0.0,0.0,0.0,0.0,0.0
72.0,12.0,0.0,9.0,2406.0,531.0,18.07967313585291,510.0,12.0,21.0,38.0,1.0,0.0,4.0,7.0,0.0,1.0,0.0,0.0,0.0,0.0,0.0,0.0,0.0,0.0,6.0,3.0,0.0
7.0,12.0,0.0,7.0,1010.0,68.0,6.307977736549166,103.0,1.0,5.0,1.0,0.0,0.0,10.0,2.0,0.0,0.0,0.0,0.0,0.0,0.0,0.0,0.0,6.0,0.0,1.0,0.0,0.0
0.0,0.0,0.0,0.0,57.0,7.0,10.9375,0.0,0.0,0.0,0.0,0.0,0.0,0.0,0.0,0.0,0.0,0.0,0.0,0.0,0.0,0.0,0.0,0.0,0.0,0.0,0.0,0.0
20.0,12.0,0.0,6.0,26582.0,204.0,0.7615918763533189,209.0,1.0,17.0,2.0,0.0,0.0,2.0,10.0,0.0,0.0,0.0,0.0,0.0,0.0,0.0,0.0,2.0,0.0,4.0,0.0,0.0
76.0,0.0,0.0,0.0,1756.0,531.0,23.218189768255357,368.0,4.0,60.0,12.0,0.0,0.0,0.0,0.0,0.0,0.0,0.0,0.0,0.0,0.0,0.0,0.0,0.0,0.0,0.0,0.0,0.0
92.0,167.0,0.0,11.0,8887.0,78.0,0.8700501952035694,1151.0,13.0,42.0,37.0,0.0,0.0,151.0,14.0,2.0,0.0,0.0,0.0,0.0,0.0,0.0,0.0,10.0,0.0,0.0,1.0,0.0
0.0,0.0,0.0,0.0,6.0,0.0,0.0,0.0,0.0,0.0,0.0,0.0,0.0,0.0,0.0,0.0,0.0,0.0,0.0,0.0,0.0,0.0,0.0,0.0,0.0,0.0,0.0,0.0
36.0,23.0,0.0,4.0,6488.0,680.0,9.486607142857142,548.0,2.0,27.0,6.0,1.0,0.0,17.0,6.0,0.0,0.0,0.0,0.0,0.0,0.0,0.0,0.0,2.0,0.0,2.0,0.0,0.0
2.0,0.0,0.0,0.0,233.0,22.0,8.627450980392156,45.0,0.0,2.0,0.0,0.0,0.0,0.0,0.0,0.0,0.0,0.0,0.0,0.0,0.0,0.0,0.0,0.0,0.0,0.0,0.0,0.0
44.0,35.0,0.0,1.0,5882.0,78.0,1.308724832214765,268.0,1.0,43.0,0.0,0.0,0.0,0.0,33.0,2.0,0.0,0.0,0.0,0.0,0.0,0.0,0.0,1.0,0.0,0.0,0.0,0.0
25.0,1.0,0.0,0.0,1354.0,6.0,0.4411764705882353,215.0,9.0,12.0,4.0,0.0,0.0,0.0,1.0,0.0,0.0,0.0,0.0,0.0,0.0,0.0,0.0,0.0,0.0,0.0,0.0,0.0
80.0,5.0,0.0,12.0,3953.0,390.0,8.979967764218284,503.0,17.0,56.0,0.0,7.0,0.0,0.0,5.0,0.0,0.0,0.0,0.0,0.0,0.0,0.0,0.0,2.0,1.0,0.0,9.0,0.0
26.0,4.0,0.0,0.0,4417.0,66.0,1.4722284184697747,253.0,1.0,0.0,24.0,0.0,1.0,4.0,0.0,0.0,0.0,0.0,0.0,0.0,0.0,0.0,0.0,0.0,0.0,0.0,0.0,0.0
2.0,0.0,0.0,0.0,26.0,6.0,18.75,10.0,0.0,2.0,0.0,0.0,0.0,0.0,0.0,0.0,0.0,0.0,0.0,0.0,0.0,0.0,0.0,0.0,0.0,0.0,0.0,0.0
0.0,0.0,0.0,0.0,640.0,0.0,0.0,0.0,0.0,0.0,0.0,0.0,0.0,0.0,0.0,0.0,0.0,0.0,0.0,0.0,0.0,0.0,0.0,0.0,0.0,0.0,0.0,0.0
21.0,3.0,0.0,2.0,1308.0,424.0,24.480369515011546,245.0,2.0,10.0,6.0,0.0,3.0,0.0,2.0,0.0,1.0,0.0,0.0,0.0,0.0,0.0,0.0,0.0,0.0,2.0,0.0,0.0
25.0,0.0,0.0,0.0,178.0,39.0,17.972350230414747,184.0,6.0,18.0,1.0,0.0,0.0,0.0,0.0,0.0,0.0,0.0,0.0,0.0,0.0,0.0,0.0,0.0,0.0,0.0,0.0,0.0
4.0,0.0,0.0,0.0,998.0,129.0,11.446317657497781,76.0,0.0,1.0,3.0,0.0,0.0,0.0,0.0,0.0,0.0,0.0,0.0,0.0,0.0,0.0,0.0,0.0,0.0,0.0,0.0,0.0
19.0,1.0,0.0,0.0,1165.0,442.0,27.50466708151836,79.0,9.0,3.0,7.0,0.0,0.0,0.0,0.0,0.0,1.0,0.0,0.0,0.0,0.0,0.0,0.0,0.0,0.0,0.0,0.0,0.0
78.0,0.0,0.0,17.0,2609.0,741.0,22.119402985074625,582.0,30.0,33.0,11.0,0.0,4.0,0.0,0.0,0.0,0.0,0.0,0.0,0.0,0.0,0.0,0.0,12.0,0.0,5.0,0.0,0.0
0.0,0.0,0.0,2.0,151.0,36.0,19.25133689839572,0.0,0.0,0.0,0.0,0.0,0.0,0.0,0.0,0.0,0.0,0.0,0.0,0.0,0.0,0.0,0.0,0.0,1.0,1.0,0.0,0.0
2.0,0.0,0.0,1.0,175.0,2.0,1.1299435028248588,7.0,2.0,0.0,0.0,0.0,0.0,0.0,0.0,0.0,0.0,0.0,0.0,0.0,0.0,0.0,0.0,1.0,0.0,0.0,0.0,0.0
48.0,2.0,0.0,0.0,5562.0,144.0,2.5236593059936907,279.0,23.0,15.0,0.0,0.0,10.0,0.0,2.0,0.0,0.0,0.0,0.0,0.0,0.0,0.0,0.0,0.0,0.0,0.0,0.0,0.0
48.0,2.0,0.0,0.0,1340.0,348.0,20.61611374407583,572.0,7.0,16.0,6.0,0.0,19.0,0.0,2.0,0.0,0.0,0.0,0.0,0.0,0.0,0.0,0.0,0.0,0.0,0.0,0.0,0.0
6.0,1.0,0.0,0.0,163.0,18.0,9.94475138121547,17.0,0.0,0.0,0.0,6.0,0.0,0.0,1.0,0.0,0.0,0.0,0.0,0.0,0.0,0.0,0.0,0.0,0.0,0.0,0.0,0.0
50.0,0.0,0.0,0.0,7944.0,1114.0,12.298520644733937,573.0,10.0,2.0,37.0,0.0,1.0,0.0,0.0,0.0,0.0,0.0,0.0,0.0,0.0,0.0,0.0,0.0,0.0,0.0,0.0,0.0
8.0,28.0,0.0,9.0,4650.0,91.0,1.9194262813752374,107.0,2.0,5.0,0.0,1.0,0.0,22.0,5.0,1.0,0.0,0.0,0.0,0.0,0.0,0.0,0.0,8.0,0.0,1.0,0.0,0.0
105.0,0.0,0.0,0.0,2889.0,142.0,4.684922467832398,480.0,56.0,21.0,28.0,0.0,0.0,0.0,0.0,0.0,0.0,0.0,0.0,0.0,0.0,0.0,0.0,0.0,0.0,0.0,0.0,0.0
0.0,0.0,1.0,1.0,89.0,48.0,35.03649635036496,5.0,0.0,0.0,0.0,0.0,0.0,0.0,0.0,0.0,0.0,0.0,0.0,0.0,1.0,0.0,0.0,0.0,0.0,1.0,0.0,0.0
113.0,3.0,0.0,8.0,1394.0,55.0,3.795721187025535,1079.0,61.0,13.0,39.0,0.0,0.0,3.0,0.0,0.0,0.0,0.0,0.0,0.0,0.0,0.0,0.0,0.0,1.0,7.0,0.0,0.0
916.0,13.0,0.0,27.0,3282.0,1641.0,33.33333333333333,5065.0,587.0,252.0,28.0,1.0,48.0,2.0,5.0,2.0,4.0,0.0,0.0,0.0,0.0,0.0,0.0,20.0,0.0,7.0,0.0,0.0
26.0,0.0,0.0,6.0,607.0,263.0,30.22988505747126,146.0,10.0,16.0,0.0,0.0,0.0,0.0,0.0,0.0,0.0,0.0,0.0,0.0,0.0,0.0,0.0,0.0,0.0,6.0,0.0,0.0
8.0,0.0,0.0,1.0,2978.0,69.0,2.2645224811289792,15.0,0.0,2.0,1.0,0.0,5.0,0.0,0.0,0.0,0.0,0.0,0.0,0.0,0.0,0.0,0.0,0.0,1.0,0.0,0.0,0.0
335.0,6.0,0.0,3.0,6544.0,4462.0,40.541522805742325,11103.0,26.0,284.0,19.0,5.0,1.0,2.0,4.0,0.0,0.0,0.0,0.0,0.0,0.0,0.0,0.0,0.0,0.0,3.0,0.0,0.0
10.0,0.0,0.0,0.0,2243.0,140.0,5.874947545111205,132.0,0.0,0.0,8.0,0.0,2.0,0.0,0.0,0.0,0.0,0.0,0.0,0.0,0.0,0.0,0.0,0.0,0.0,0.0,0.0,0.0
5.0,0.0,0.0,2.0,401.0,47.0,10.491071428571429,43.0,2.0,2.0,1.0,0.0,0.0,0.0,0.0,0.0,0.0,0.0,0.0,0.0,0.0,0.0,0.0,0.0,1.0,1.0,0.0,0.0
69.0,0.0,0.0,6.0,2548.0,327.0,11.373913043478261,519.0,23.0,27.0,14.0,5.0,0.0,0.0,0.0,0.0,0.0,0.0,0.0,0.0,0.0,0.0,0.0,1.0,0.0,4.0,1.0,0.0
0.0,0.0,0.0,2.0,103.0,22.0,17.599999999999998,0.0,0.0,0.0,0.0,0.0,0.0,0.0,0.0,0.0,0.0,0.0,0.0,0.0,0.0,0.0,0.0,0.0,0.0,2.0,0.0,0.0
49.0,0.0,0.0,0.0,4948.0,707.0,12.502210433244915,206.0,15.0,4.0,15.0,0.0,15.0,0.0,0.0,0.0,0.0,0.0,0.0,0.0,0.0,0.0,0.0,0.0,0.0,0.0,0.0,0.0
129.0,1.0,0.0,15.0,5869.0,26.0,0.4410517387616625,741.0,87.0,38.0,4.0,0.0,0.0,0.0,1.0,0.0,0.0,0.0,0.0,0.0,0.0,0.0,0.0,0.0,13.0,2.0,0.0,0.0
401.0,19.0,0.0,15.0,4500.0,304.0,6.328059950041633,3291.0,156.0,225.0,20.0,0.0,0.0,5.0,11.0,2.0,1.0,0.0,0.0,0.0,0.0,0.0,0.0,3.0,4.0,8.0,0.0,0.0
0.0,1.0,0.0,1.0,266.0,0.0,0.0,2.0,0.0,0.0,0.0,0.0,0.0,0.0,1.0,0.0,0.0,0.0,0.0,0.0,0.0,0.0,0.0,1.0,0.0,0.0,0.0,0.0
9.0,0.0,0.0,2.0,689.0,64.0,8.49933598937583,56.0,1.0,8.0,0.0,0.0,0.0,0.0,0.0,0.0,0.0,0.0,0.0,0.0,0.0,0.0,0.0,2.0,0.0,0.0,0.0,0.0
0.0,0.0,0.0,0.0,0.0,0.0,0.0,0.0,0.0,0.0,0.0,0.0,0.0,0.0,0.0,0.0,0.0,0.0,0.0,0.0,0.0,0.0,0.0,0.0,0.0,0.0,,
1.0,0.0,0.0,1.0,83.0,0.0,0.0,5.0,0.0,0.0,1.0,0.0,0.0,0.0,0.0,0.0,0.0,0.0,0.0,0.0,0.0,0.0,0.0,0.0,0.0,1.0,0.0,0.0
382.0,30.0,0.0,19.0,22078.0,2942.0,11.7585931254996,28300.0,23.0,304.0,48.0,0.0,7.0,3.0,25.0,2.0,0.0,0.0,0.0,0.0,0.0,0.0,0.0,3.0,0.0,15.0,1.0,0.0
4.0,2.0,0.0,0.0,651.0,183.0,21.942446043165468,32.0,0.0,3.0,0.0,0.0,1.0,0.0,2.0,0.0,0.0,0.0,0.0,0.0,0.0,0.0,0.0,0.0,0.0,0.0,0.0,0.0
2.0,0.0,0.0,0.0,94.0,6.0,6.0,22.0,0.0,2.0,0.0,0.0,0.0,0.0,0.0,0.0,0.0,0.0,0.0,0.0,0.0,0.0,0.0,0.0,0.0,0.0,0.0,0.0
1.0,0.0,0.0,0.0,19.0,10.0,34.48275862068966,10.0,0.0,0.0,1.0,0.0,0.0,0.0,0.0,0.0,0.0,0.0,0.0,0.0,0.0,0.0,0.0,0.0,0.0,0.0,0.0,0.0
0.0,0.0,0.0,0.0,7963.0,236.0,2.8783998048542503,0.0,0.0,0.0,0.0,0.0,0.0,0.0,0.0,0.0,0.0,0.0,0.0,0.0,0.0,0.0,0.0,0.0,0.0,0.0,0.0,0.0
655.0,34.0,0.0,7.0,57730.0,16741.0,22.479891501389805,5956.0,47.0,34.0,564.0,0.0,10.0,0.0,34.0,0.0,0.0,0.0,0.0,0.0,0.0,0.0,0.0,7.0,0.0,0.0,0.0,0.0
46.0,2.0,0.0,22.0,1491.0,249.0,14.310344827586208,306.0,8.0,22.0,7.0,9.0,0.0,0.0,2.0,0.0,0.0,0.0,0.0,0.0,0.0,0.0,0.0,1.0,0.0,21.0,0.0,0.0
1.0,0.0,0.0,0.0,196.0,11.0,5.314009661835748,5.0,0.0,0.0,1.0,0.0,0.0,0.0,0.0,0.0,0.0,0.0,0.0,0.0,0.0,0.0,0.0,0.0,0.0,0.0,0.0,0.0
14.0,2.0,0.0,5.0,639.0,63.0,8.974358974358974,73.0,5.0,9.0,0.0,0.0,0.0,0.0,2.0,0.0,0.0,0.0,0.0,0.0,0.0,0.0,0.0,3.0,0.0,2.0,0.0,0.0
8.0,1.0,0.0,0.0,531.0,45.0,7.8125,57.0,6.0,2.0,0.0,0.0,0.0,0.0,0.0,0.0,1.0,0.0,0.0,0.0,0.0,0.0,0.0,0.0,0.0,0.0,0.0,0.0
199.0,4.0,0.0,16.0,10619.0,318.0,2.9075614885251895,1422.0,32.0,161.0,5.0,1.0,0.0,0.0,3.0,1.0,0.0,0.0,0.0,0.0,0.0,0.0,0.0,4.0,6.0,1.0,5.0,0.0
2.0,3.0,0.0,0.0,327.0,3.0,0.9090909090909091,9.0,0.0,2.0,0.0,0.0,0.0,0.0,3.0,0.0,0.0,0.0,0.0,0.0,0.0,0.0,0.0,0.0,0.0,0.0,0.0,0.0
8478.0,1522.0,0.0,15.0,163784.0,42396.0,20.562615190610146,75332.0,426.0,7681.0,366.0,5.0,0.0,77.0,1435.0,0.0,10.0,0.0,0.0,0.0,0.0,0.0,0.0,4.0,0.0,11.0,0.0,0.0
26.0,4.0,0.0,2.0,3470.0,422.0,10.842754367934223,152.0,4.0,19.0,1.0,0.0,2.0,0.0,4.0,0.0,0.0,0.0,0.0,0.0,0.0,0.0,0.0,1.0,1.0,0.0,0.0,0.0
1.0,4.0,0.0,0.0,99.0,100.0,50.25125628140703,45.0,0.0,1.0,0.0,0.0,0.0,0.0,4.0,0.0,0.0,0.0,0.0,0.0,0.0,0.0,0.0,0.0,0.0,0.0,0.0,0.0
4535.0,41.0,12.0,109.0,161616.0,73007.0,31.116727686543943,33847.0,1328.0,1931.0,1243.0,33.0,0.0,13.0,14.0,1.0,13.0,0.0,0.0,0.0,12.0,0.0,0.0,1.0,1.0,107.0,0.0,0.0
6.0,4.0,0.0,10.0,671.0,62.0,8.458390177353342,93.0,6.0,0.0,0.0,0.0,0.0,2.0,1.0,1.0,0.0,0.0,0.0,0.0,0.0,0.0,0.0,10.0,0.0,0.0,0.0,0.0
56.0,61.0,0.0,2.0,4440.0,345.0,7.210031347962382,257.0,19.0,32.0,5.0,0.0,0.0,6.0,53.0,0.0,2.0,0.0,0.0,0.0,0.0,0.0,0.0,0.0,0.0,2.0,0.0,0.0
25.0,0.0,0.0,0.0,978.0,68.0,6.5009560229445515,257.0,11.0,10.0,3.0,1.0,0.0,0.0,0.0,0.0,0.0,0.0,0.0,0.0,0.0,0.0,0.0,0.0,0.0,0.0,0.0,0.0
1.0,1.0,0.0,1.0,101.0,0.0,0.0,22.0,0.0,1.0,0.0,0.0,0.0,0.0,1.0,0.0,0.0,0.0,0.0,0.0,0.0,0.0,0.0,1.0,0.0,0.0,0.0,0.0
122.0,59.0,0.0,24.0,8813.0,231.0,2.5541795665634677,1170.0,27.0,51.0,22.0,4.0,18.0,24.0,34.0,0.0,1.0,0.0,0.0,0.0,0.0,0.0,0.0,18.0,0.0,6.0,0.0,0.0
119.0,85.0,0.0,5.0,8706.0,548.0,5.921763561703047,1170.0,27.0,80.0,8.0,4.0,0.0,56.0,23.0,1.0,5.0,0.0,0.0,0.0,0.0,0.0,0.0,3.0,0.0,2.0,0.0,0.0
1.0,0.0,0.0,2.0,56.0,31.0,35.63218390804598,5.0,0.0,1.0,0.0,0.0,0.0,0.0,0.0,0.0,0.0,0.0,0.0,0.0,0.0,0.0,0.0,0.0,1.0,1.0,0.0,0.0
2.0,0.0,0.0,3.0,207.0,1.0,0.4807692307692308,10.0,0.0,1.0,1.0,0.0,0.0,0.0,0.0,0.0,0.0,0.0,0.0,0.0,0.0,0.0,0.0,0.0,0.0,3.0,0.0,0.0
0.0,0.0,0.0,1.0,11.0,0.0,0.0,0.0,0.0,0.0,0.0,0.0,0.0,0.0,0.0,0.0,0.0,0.0,0.0,0.0,0.0,0.0,0.0,1.0,0.0,0.0,0.0,0.0
23.0,0.0,0.0,0.0,397.0,64.0,13.882863340563992,68.0,19.0,4.0,0.0,0.0,0.0,0.0,0.0,0.0,0.0,0.0,0.0,0.0,0.0,0.0,0.0,0.0,0.0,0.0,0.0,0.0
58.0,0.0,0.0,3.0,4663.0,545.0,10.464669738863288,491.0,9.0,0.0,49.0,0.0,0.0,0.0,0.0,0.0,0.0,0.0,0.0,0.0,0.0,0.0,0.0,3.0,0.0,0.0,0.0,0.0
211.0,17.0,0.0,9.0,6951.0,1869.0,21.19047619047619,26179.0,6.0,189.0,12.0,0.0,4.0,1.0,16.0,0.0,0.0,0.0,0.0,0.0,0.0,0.0,0.0,0.0,0.0,9.0,0.0,0.0
15.0,2.0,0.0,0.0,282.0,143.0,33.64705882352941,98.0,1.0,8.0,1.0,5.0,0.0,1.0,1.0,0.0,0.0,0.0,0.0,0.0,0.0,0.0,0.0,0.0,0.0,0.0,0.0,0.0
6287.0,3014.0,0.0,1962.0,40213.0,1047.0,2.5375666505089676,84910.0,1323.0,4462.0,498.0,4.0,0.0,1280.0,1734.0,0.0,0.0,0.0,0.0,0.0,0.0,0.0,0.0,6.0,1369.0,587.0,0.0,0.0
42.0,2.0,0.0,2.0,2544.0,250.0,8.94774516821761,243.0,17.0,5.0,20.0,0.0,0.0,2.0,0.0,0.0,0.0,0.0,0.0,0.0,0.0,0.0,0.0,0.0,0.0,2.0,0.0,0.0
0.0,0.0,0.0,0.0,100.0,2.0,1.9607843137254901,0.0,0.0,0.0,0.0,0.0,0.0,0.0,0.0,0.0,0.0,0.0,0.0,0.0,0.0,0.0,0.0,0.0,0.0,0.0,0.0,0.0
10.0,0.0,0.0,0.0,287.0,15.0,4.966887417218543,41.0,8.0,1.0,1.0,0.0,0.0,0.0,0.0,0.0,0.0,0.0,0.0,0.0,0.0,0.0,0.0,0.0,0.0,0.0,0.0,0.0
0.0,0.0,0.0,0.0,25.0,0.0,0.0,0.0,0.0,0.0,0.0,0.0,0.0,0.0,0.0,0.0,0.0,0.0,0.0,0.0,0.0,0.0,0.0,0.0,0.0,0.0,0.0,0.0
1293.0,63.0,12.0,76.0,40894.0,3164.0,7.181442643787735,15151.0,610.0,468.0,204.0,1.0,10.0,28.0,32.0,0.0,3.0,0.0,0.0,0.0,12.0,0.0,0.0,16.0,0.0,52.0,8.0,0.0
19.0,0.0,0.0,0.0,1041.0,273.0,20.776255707762555,92.0,0.0,1.0,15.0,0.0,3.0,0.0,0.0,0.0,0.0,0.0,0.0,0.0,0.0,0.0,0.0,0.0,0.0,0.0,0.0,0.0
1.0,0.0,0.0,0.0,62.0,4.0,6.0606060606060606,5.0,0.0,1.0,0.0,0.0,0.0,0.0,0.0,0.0,0.0,0.0,0.0,0.0,0.0,0.0,0.0,0.0,0.0,0.0,0.0,0.0
0.0,0.0,0.0,0.0,237.0,3.0,1.25,0.0,0.0,0.0,0.0,0.0,0.0,0.0,0.0,0.0,0.0,0.0,0.0,0.0,0.0,0.0,0.0,0.0,0.0,0.0,0.0,0.0
0.0,0.0,0.0,0.0,0.0,0.0,0.0,0.0,0.0,0.0,0.0,0.0,0.0,0.0,0.0,0.0,0.0,0.0,0.0,0.0,0.0,0.0,0.0,0.0,0.0,0.0,,
4495.0,124.0,1.0,200.0,61412.0,14222.0,18.80371261601925,23015.0,2524.0,1201.0,737.0,30.0,3.0,10.0,14.0,4.0,96.0,0.0,0.0,0.0,1.0,0.0,0.0,76.0,16.0,108.0,0.0,0.0
2.0,2.0,0.0,1.0,178.0,1.0,0.5586592178770949,35.0,0.0,1.0,1.0,0.0,0.0,1.0,0.0,0.0,1.0,0.0,0.0,0.0,0.0,0.0,0.0,1.0,0.0,0.0,0.0,0.0
12.0,28.0,0.0,0.0,2182.0,102.0,4.46584938704028,108.0,0.0,12.0,0.0,0.0,0.0,14.0,14.0,0.0,0.0,0.0,0.0,0.0,0.0,0.0,0.0,0.0,0.0,0.0,0.0,0.0
0.0,0.0,0.0,0.0,0.0,0.0,0.0,0.0,0.0,0.0,0.0,0.0,0.0,0.0,0.0,0.0,0.0,0.0,0.0,0.0,0.0,0.0,0.0,0.0,0.0,0.0,,
331.0,5.0,0.0,13.0,6751.0,400.0,5.5936232694728005,3003.0,33.0,254.0,40.0,0.0,4.0,1.0,3.0,1.0,0.0,0.0,0.0,0.0,0.0,0.0,0.0,0.0,0.0,13.0,0.0,0.0
2501.0,145.0,18.0,174.0,66094.0,14188.0,17.672703719389155,21489.0,955.0,975.0,435.0,72.0,64.0,77.0,47.0,7.0,14.0,0.0,0.0,6.0,11.0,1.0,0.0,93.0,50.0,31.0,0.0,0.0
7.0,0.0,0.0,0.0,78.0,5.0,6.024096385542169,16.0,1.0,1.0,0.0,3.0,2.0,0.0,0.0,0.0,0.0,0.0,0.0,0.0,0.0,0.0,0.0,0.0,0.0,0.0,0.0,0.0
0.0,0.0,0.0,0.0,218.0,42.0,16.153846153846153,0.0,0.0,0.0,0.0,0.0,0.0,0.0,0.0,0.0,0.0,0.0,0.0,0.0,0.0,0.0,0.0,0.0,0.0,0.0,0.0,0.0
1.0,0.0,0.0,7.0,561.0,25.0,4.266211604095563,5.0,0.0,1.0,0.0,0.0,0.0,0.0,0.0,0.0,0.0,0.0,0.0,0.0,0.0,0.0,0.0,1.0,0.0,1.0,5.0,0.0
21.0,0.0,0.0,0.0,286.0,1.0,0.34843205574912894,140.0,11.0,10.0,0.0,0.0,0.0,0.0,0.0,0.0,0.0,0.0,0.0,0.0,0.0,0.0,0.0,0.0,0.0,0.0,0.0,0.0
43.0,0.0,0.0,0.0,807.0,22.0,2.6537997587454765,187.0,14.0,24.0,5.0,0.0,0.0,0.0,0.0,0.0,0.0,0.0,0.0,0.0,0.0,0.0,0.0,0.0,0.0,0.0,0.0,0.0
32.0,11.0,0.0,6.0,495.0,163.0,24.772036474164132,425.0,2.0,27.0,3.0,0.0,0.0,0.0,6.0,0.0,5.0,0.0,0.0,0.0,0.0,0.0,0.0,6.0,0.0,0.0,0.0,0.0
1.0,0.0,0.0,1.0,825.0,0.0,0.0,5.0,0.0,1.0,0.0,0.0,0.0,0.0,0.0,0.0,0.0,0.0,0.0,0.0,0.0,0.0,0.0,0.0,0.0,0.0,1.0,0.0
11.0,2.0,0.0,0.0,802.0,227.0,22.060252672497572,75.0,6.0,2.0,3.0,0.0,0.0,0.0,2.0,0.0,0.0,0.0,0.0,0.0,0.0,0.0,0.0,0.0,0.0,0.0,0.0,0.0
1165.0,0.0,0.0,0.0,91575.0,2215.0,2.361659025482461,11373.0,385.0,8.0,696.0,0.0,76.0,0.0,0.0,0.0,0.0,0.0,0.0,0.0,0.0,0.0,0.0,0.0,0.0,0.0,0.0,0.0
1.0,0.0,0.0,0.0,440.0,4.0,0.9009009009009009,5.0,0.0,1.0,0.0,0.0,0.0,0.0,0.0,0.0,0.0,0.0,0.0,0.0,0.0,0.0,0.0,0.0,0.0,0.0,0.0,0.0
247.0,84.0,0.0,33.0,14535.0,760.0,4.968944099378882,2245.0,35.0,143.0,15.0,54.0,0.0,73.0,10.0,1.0,0.0,0.0,0.0,0.0,0.0,0.0,0.0,33.0,0.0,0.0,0.0,0.0
3.0,0.0,0.0,1.0,48.0,1.0,2.0408163265306123,22.0,1.0,2.0,0.0,0.0,0.0,0.0,0.0,0.0,0.0,0.0,0.0,0.0,0.0,0.0,0.0,0.0,0.0,1.0,0.0,0.0
0.0,0.0,0.0,1.0,65.0,0.0,0.0,0.0,0.0,0.0,0.0,0.0,0.0,0.0,0.0,0.0,0.0,0.0,0.0,0.0,0.0,0.0,0.0,1.0,0.0,0.0,0.0,0.0
140.0,7.0,0.0,0.0,542.0,140.0,20.527859237536656,569.0,113.0,25.0,2.0,0.0,0.0,1.0,2.0,0.0,4.0,0.0,0.0,0.0,0.0,0.0,0.0,0.0,0.0,0.0,0.0,0.0
5.0,0.0,0.0,0.0,319.0,2.0,0.6230529595015576,50.0,0.0,3.0,1.0,0.0,1.0,0.0,0.0,0.0,0.0,0.0,0.0,0.0,0.0,0.0,0.0,0.0,0.0,0.0,0.0,0.0
132.0,17.0,1.0,15.0,4008.0,982.0,19.67935871743487,1106.0,56.0,47.0,18.0,2.0,9.0,5.0,8.0,0.0,4.0,0.0,0.0,1.0,0.0,0.0,0.0,9.0,3.0,3.0,0.0,0.0
0.0,0.0,0.0,0.0,46.0,7.0,13.20754716981132,0.0,0.0,0.0,0.0,0.0,0.0,0.0,0.0,0.0,0.0,0.0,0.0,0.0,0.0,0.0,0.0,0.0,0.0,0.0,0.0,0.0
11.0,2.0,0.0,12.0,466.0,49.0,9.514563106796116,97.0,0.0,5.0,6.0,0.0,0.0,2.0,0.0,0.0,0.0,0.0,0.0,0.0,0.0,0.0,0.0,10.0,0.0,2.0,0.0,0.0
1230.0,1.0,0.0,1396.0,83506.0,8971.0,9.700790466818777,12744.0,346.0,164.0,660.0,0.0,60.0,0.0,1.0,0.0,0.0,0.0,0.0,0.0,0.0,0.0,0.0,1388.0,0.0,1.0,7.0,0.0
0.0,0.0,0.0,0.0,0.0,0.0,0.0,0.0,0.0,0.0,0.0,0.0,0.0,0.0,0.0,0.0,0.0,0.0,0.0,0.0,0.0,0.0,0.0,0.0,0.0,0.0,,
2.0,0.0,0.0,0.0,1653.0,163.0,8.975770925110133,56.0,0.0,0.0,2.0,0.0,0.0,0.0,0.0,0.0,0.0,0.0,0.0,0.0,0.0,0.0,0.0,0.0,0.0,0.0,0.0,0.0
0.0,0.0,0.0,0.0,269.0,0.0,0.0,0.0,0.0,0.0,0.0,0.0,0.0,0.0,0.0,0.0,0.0,0.0,0.0,0.0,0.0,0.0,0.0,0.0,0.0,0.0,0.0,0.0
39.0,0.0,0.0,3.0,144.0,37.0,20.441988950276244,180.0,23.0,7.0,9.0,0.0,0.0,0.0,0.0,0.0,0.0,0.0,0.0,0.0,0.0,0.0,0.0,0.0,0.0,3.0,0.0,0.0
34.0,0.0,0.0,1.0,3115.0,47.0,1.4864010120177102,69.0,28.0,3.0,0.0,0.0,3.0,0.0,0.0,0.0,0.0,0.0,0.0,0.0,0.0,0.0,0.0,0.0,0.0,1.0,0.0,0.0
922.0,100.0,0.0,29.0,22330.0,6006.0,21.195652173913043,23418.0,170.0,554.0,144.0,6.0,48.0,4.0,94.0,0.0,2.0,0.0,0.0,0.0,0.0,0.0,0.0,0.0,0.0,29.0,0.0,0.0
258.0,5.0,0.0,0.0,2179.0,219.0,9.132610508757297,979.0,188.0,58.0,12.0,0.0,0.0,1.0,4.0,0.0,0.0,0.0,0.0,0.0,0.0,0.0,0.0,0.0,0.0,0.0,0.0,0.0
9.0,4.0,0.0,0.0,730.0,257.0,26.038500506585617,116.0,1.0,6.0,1.0,0.0,1.0,0.0,0.0,4.0,0.0,0.0,0.0,0.0,0.0,0.0,0.0,0.0,0.0,0.0,0.0,0.0
7.0,11.0,0.0,0.0,2566.0,419.0,14.03685092127303,93.0,1.0,0.0,6.0,0.0,0.0,5.0,6.0,0.0,0.0,0.0,0.0,0.0,0.0,0.0,0.0,0.0,0.0,0.0,0.0,0.0
9.0,0.0,1.0,8.0,1333.0,133.0,9.072305593451569,41.0,9.0,0.0,0.0,0.0,0.0,0.0,0.0,0.0,0.0,0.0,0.0,0.0,1.0,0.0,0.0,0.0,5.0,1.0,2.0,0.0
3.0,1.0,0.0,0.0,892.0,399.0,30.90627420604183,7.0,0.0,1.0,0.0,0.0,2.0,0.0,1.0,0.0,0.0,0.0,0.0,0.0,0.0,0.0,0.0,0.0,0.0,0.0,0.0,0.0
6.0,0.0,0.0,1.0,133.0,0.0,0.0,37.0,0.0,3.0,3.0,0.0,0.0,0.0,0.0,0.0,0.0,0.0,0.0,0.0,0.0,0.0,0.0,0.0,0.0,1.0,0.0,0.0
0.0,0.0,0.0,0.0,0.0,0.0,0.0,0.0,0.0,0.0,0.0,0.0,0.0,0.0,0.0,0.0,0.0,0.0,0.0,0.0,0.0,0.0,0.0,0.0,0.0,0.0,,
5.0,0.0,0.0,0.0,119.0,19.0,13.768115942028986,25.0,0.0,4.0,1.0,0.0,0.0,0.0,0.0,0.0,0.0,0.0,0.0,0.0,0.0,0.0,0.0,0.0,0.0,0.0,0.0,0.0
19.0,0.0,0.0,0.0,949.0,213.0,18.330464716006883,141.0,11.0,4.0,4.0,0.0,0.0,0.0,0.0,0.0,0.0,0.0,0.0,0.0,0.0,0.0,0.0,0.0,0.0,0.0,0.0,0.0
383.0,1.0,0.0,0.0,20278.0,2573.0,11.259901098420201,9642.0,217.0,38.0,123.0,0.0,5.0,0.0,1.0,0.0,0.0,0.0,0.0,0.0,0.0,0.0,0.0,0.0,0.0,0.0,0.0,0.0
624.0,20.0,0.0,28.0,11932.0,534.0,4.283651532167496,5420.0,9.0,603.0,0.0,0.0,12.0,0.0,15.0,5.0,0.0,0.0,0.0,0.0,0.0,0.0,0.0,19.0,1.0,8.0,0.0,0.0
7.0,0.0,0.0,0.0,473.0,25.0,5.020080321285141,32.0,2.0,4.0,1.0,0.0,0.0,0.0,0.0,0.0,0.0,0.0,0.0,0.0,0.0,0.0,0.0,0.0,0.0,0.0,0.0,0.0
20.0,1.0,0.0,3.0,643.0,32.0,4.7407407407407405,80.0,17.0,3.0,0.0,0.0,0.0,0.0,0.0,1.0,0.0,0.0,0.0,0.0,0.0,0.0,0.0,2.0,0.0,1.0,0.0,0.0
24.0,0.0,0.0,0.0,436.0,107.0,19.70534069981584,99.0,4.0,6.0,14.0,0.0,0.0,0.0,0.0,0.0,0.0,0.0,0.0,0.0,0.0,0.0,0.0,0.0,0.0,0.0,0.0,0.0
0.0,2.0,0.0,1.0,130.0,21.0,13.90728476821192,7.0,0.0,0.0,0.0,0.0,0.0,0.0,1.0,0.0,1.0,0.0,0.0,0.0,0.0,0.0,0.0,1.0,0.0,0.0,0.0,0.0
0.0,1.0,0.0,0.0,184.0,2.0,1.0752688172043012,2.0,0.0,0.0,0.0,0.0,0.0,0.0,1.0,0.0,0.0,0.0,0.0,0.0,0.0,0.0,0.0,0.0,0.0,0.0,0.0,0.0
8.0,14.0,0.0,7.0,1006.0,77.0,7.109879963065559,98.0,1.0,6.0,1.0,0.0,0.0,2.0,12.0,0.0,0.0,0.0,0.0,0.0,0.0,0.0,0.0,4.0,0.0,2.0,1.0,0.0
110.0,0.0,0.0,0.0,598.0,32.0,5.079365079365079,593.0,83.0,19.0,8.0,0.0,0.0,0.0,0.0,0.0,0.0,0.0,0.0,0.0,0.0,0.0,0.0,0.0,0.0,0.0,0.0,0.0
857.0,25.0,0.0,5.0,5380.0,1359.0,20.16619676509868,7406.0,382.0,441.0,22.0,0.0,12.0,14.0,11.0,0.0,0.0,0.0,0.0,0.0,0.0,0.0,0.0,0.0,0.0,5.0,0.0,0.0
23.0,5.0,0.0,3.0,440.0,36.0,7.563025210084033,300.0,6.0,10.0,5.0,2.0,0.0,0.0,5.0,0.0,0.0,0.0,0.0,0.0,0.0,0.0,0.0,0.0,0.0,3.0,0.0,0.0
4.0,0.0,0.0,0.0,48.0,0.0,0.0,8.0,0.0,0.0,0.0,4.0,0.0,0.0,0.0,0.0,0.0,0.0,0.0,0.0,0.0,0.0,0.0,0.0,0.0,0.0,0.0,0.0
1.0,4.0,0.0,2.0,1214.0,0.0,0.0,18.0,0.0,1.0,0.0,0.0,0.0,2.0,1.0,1.0,0.0,0.0,0.0,0.0,0.0,0.0,0.0,2.0,0.0,0.0,0.0,0.0
9.0,0.0,0.0,0.0,552.0,125.0,18.46381093057607,162.0,0.0,7.0,2.0,0.0,0.0,0.0,0.0,0.0,0.0,0.0,0.0,0.0,0.0,0.0,0.0,0.0,0.0,0.0,0.0,0.0
2.0,0.0,0.0,0.0,67.0,7.0,9.45945945945946,13.0,1.0,0.0,1.0,0.0,0.0,0.0,0.0,0.0,0.0,0.0,0.0,0.0,0.0,0.0,0.0,0.0,0.0,0.0,0.0,0.0
17.0,0.0,0.0,2.0,969.0,40.0,3.9643211100099105,69.0,10.0,5.0,2.0,0.0,0.0,0.0,0.0,0.0,0.0,0.0,0.0,0.0,0.0,0.0,0.0,0.0,1.0,1.0,0.0,0.0
0.0,0.0,0.0,0.0,0.0,0.0,0.0,0.0,0.0,0.0,0.0,0.0,0.0,0.0,0.0,0.0,0.0,0.0,0.0,0.0,0.0,0.0,0.0,0.0,0.0,0.0,,
2.0,0.0,0.0,3.0,26.0,0.0,0.0,7.0,0.0,1.0,1.0,0.0,0.0,0.0,0.0,0.0,0.0,0.0,0.0,0.0,0.0,0.0,0.0,0.0,0.0,3.0,0.0,0.0
5789.0,832.0,4.0,66.0,289948.0,10559.0,3.5137284655598706,53659.0,1628.0,2379.0,1462.0,20.0,300.0,681.0,125.0,15.0,11.0,0.0,0.0,0.0,1.0,3.0,0.0,35.0,0.0,27.0,4.0,0.0
204.0,3.0,0.0,0.0,2322.0,624.0,21.181262729124235,1853.0,25.0,70.0,109.0,0.0,0.0,0.0,3.0,0.0,0.0,0.0,0.0,0.0,0.0,0.0,0.0,0.0,0.0,0.0,0.0,0.0
1236.0,66.0,0.0,7.0,17424.0,5534.0,24.10488718529489,7167.0,92.0,906.0,225.0,13.0,0.0,8.0,27.0,0.0,31.0,0.0,0.0,0.0,0.0,0.0,0.0,3.0,2.0,2.0,0.0,0.0
95.0,15.0,0.0,9.0,2795.0,192.0,6.427854034147974,346.0,23.0,18.0,10.0,2.0,42.0,0.0,15.0,0.0,0.0,0.0,0.0,0.0,0.0,0.0,0.0,0.0,8.0,1.0,0.0,0.0
37.0,3.0,0.0,20.0,1397.0,23.0,1.6197183098591548,272.0,16.0,19.0,2.0,0.0,0.0,0.0,2.0,0.0,1.0,0.0,0.0,0.0,0.0,0.0,0.0,3.0,0.0,17.0,0.0,0.0
1.0,0.0,0.0,3.0,225.0,10.0,4.25531914893617,5.0,1.0,0.0,0.0,0.0,0.0,0.0,0.0,0.0,0.0,0.0,0.0,0.0,0.0,0.0,0.0,0.0,0.0,3.0,0.0,0.0
9.0,0.0,0.0,0.0,233.0,86.0,26.959247648902824,58.0,2.0,4.0,2.0,1.0,0.0,0.0,0.0,0.0,0.0,0.0,0.0,0.0,0.0,0.0,0.0,0.0,0.0,0.0,0.0,0.0
0.0,0.0,0.0,0.0,428.0,6.0,1.3824884792626728,0.0,0.0,0.0,0.0,0.0,0.0,0.0,0.0,0.0,0.0,0.0,0.0,0.0,0.0,0.0,0.0,0.0,0.0,0.0,0.0,0.0
59.0,45.0,0.0,3.0,336201.0,300.0,0.08915278112100707,586.0,1.0,55.0,2.0,1.0,0.0,3.0,18.0,24.0,0.0,0.0,0.0,0.0,0.0,0.0,0.0,2.0,0.0,1.0,0.0,0.0
33.0,10.0,0.0,10.0,6087.0,180.0,2.8721876495931067,171.0,6.0,17.0,10.0,0.0,0.0,0.0,8.0,2.0,0.0,0.0,0.0,0.0,0.0,0.0,0.0,1.0,0.0,9.0,0.0,0.0
0.0,0.0,0.0,0.0,122.0,37.0,23.270440251572328,0.0,0.0,0.0,0.0,0.0,0.0,0.0,0.0,0.0,0.0,0.0,0.0,0.0,0.0,0.0,0.0,0.0,0.0,0.0,0.0,0.0
11.0,0.0,0.0,0.0,208.0,9.0,4.147465437788019,70.0,3.0,4.0,4.0,0.0,0.0,0.0,0.0,0.0,0.0,0.0,0.0,0.0,0.0,0.0,0.0,0.0,0.0,0.0,0.0,0.0
48.0,354.0,0.0,0.0,47648.0,0.0,0.0,6429.0,0.0,48.0,0.0,0.0,0.0,45.0,309.0,0.0,0.0,0.0,0.0,0.0,0.0,0.0,0.0,0.0,0.0,0.0,0.0,0.0
771.0,75.0,0.0,7.0,27290.0,9189.0,25.189835247676744,2182.0,32.0,668.0,69.0,1.0,1.0,8.0,51.0,5.0,11.0,0.0,0.0,0.0,0.0,0.0,0.0,1.0,0.0,6.0,0.0,0.0
7.0,4.0,0.0,0.0,234.0,0.0,0.0,37.0,0.0,3.0,2.0,2.0,0.0,4.0,0.0,0.0,0.0,0.0,0.0,0.0,0.0,0.0,0.0,0.0,0.0,0.0,0.0,0.0
3.0,0.0,0.0,2.0,198.0,4.0,1.9801980198019802,9.0,2.0,1.0,0.0,0.0,0.0,0.0,0.0,0.0,0.0,0.0,0.0,0.0,0.0,0.0,0.0,0.0,0.0,2.0,0.0,0.0
114.0,1.0,0.0,6.0,552.0,408.0,42.5,671.0,42.0,50.0,9.0,0.0,13.0,0.0,1.0,0.0,0.0,0.0,0.0,0.0,0.0,0.0,0.0,6.0,0.0,0.0,0.0,0.0
46.0,0.0,0.0,5.0,1265.0,454.0,26.41070389761489,276.0,35.0,6.0,5.0,0.0,0.0,0.0,0.0,0.0,0.0,0.0,0.0,0.0,0.0,0.0,0.0,0.0,0.0,5.0,0.0,0.0
84.0,4.0,0.0,2.0,734.0,81.0,9.938650306748466,926.0,43.0,28.0,10.0,0.0,3.0,4.0,0.0,0.0,0.0,0.0,0.0,0.0,0.0,0.0,0.0,2.0,0.0,0.0,0.0,0.0
309.0,19.0,0.0,14.0,10907.0,2776.0,20.287948549294747,26901.0,29.0,231.0,43.0,2.0,4.0,5.0,14.0,0.0,0.0,0.0,0.0,0.0,0.0,0.0,0.0,0.0,0.0,14.0,0.0,0.0
39.0,1.0,0.0,0.0,1190.0,346.0,22.526041666666664,167.0,17.0,21.0,1.0,0.0,0.0,0.0,0.0,0.0,1.0,0.0,0.0,0.0,0.0,0.0,0.0,0.0,0.0,0.0,0.0,0.0
517.0,19.0,0.0,25.0,17749.0,1374.0,7.185065104847565,5281.0,213.0,204.0,63.0,16.0,21.0,1.0,15.0,0.0,3.0,0.0,0.0,0.0,0.0,0.0,0.0,23.0,0.0,2.0,0.0,0.0
10.0,0.0,0.0,0.0,425.0,18.0,4.063205417607223,72.0,6.0,4.0,0.0,0.0,0.0,0.0,0.0,0.0,0.0,0.0,0.0,0.0,0.0,0.0,0.0,0.0,0.0,0.0,0.0,0.0
28.0,2.0,0.0,0.0,766.0,412.0,34.974533106960955,158.0,14.0,14.0,0.0,0.0,0.0,0.0,0.0,0.0,2.0,0.0,0.0,0.0,0.0,0.0,0.0,0.0,0.0,0.0,0.0,0.0
7.0,2.0,0.0,0.0,217.0,110.0,33.63914373088685,49.0,1.0,5.0,1.0,0.0,0.0,0.0,2.0,0.0,0.0,0.0,0.0,0.0,0.0,0.0,0.0,0.0,0.0,0.0,0.0,0.0
15.0,2.0,0.0,2.0,782.0,36.0,4.400977995110025,57.0,5.0,7.0,3.0,0.0,0.0,0.0,2.0,0.0,0.0,0.0,0.0,0.0,0.0,0.0,0.0,2.0,0.0,0.0,0.0,0.0
211.0,13.0,0.0,5.0,10144.0,2474.0,19.606910762402915,3866.0,38.0,140.0,27.0,1.0,5.0,2.0,5.0,3.0,3.0,0.0,0.0,0.0,0.0,0.0,0.0,1.0,0.0,4.0,0.0,0.0
0.0,6.0,0.0,0.0,63.0,0.0,0.0,11.0,0.0,0.0,0.0,0.0,0.0,0.0,6.0,0.0,0.0,0.0,0.0,0.0,0.0,0.0,0.0,0.0,0.0,0.0,0.0,0.0
36.0,0.0,0.0,0.0,387.0,109.0,21.975806451612904,179.0,5.0,29.0,2.0,0.0,0.0,0.0,0.0,0.0,0.0,0.0,0.0,0.0,0.0,0.0,0.0,0.0,0.0,0.0,0.0,0.0
0.0,0.0,0.0,2.0,264.0,88.0,25.0,0.0,0.0,0.0,0.0,0.0,0.0,0.0,0.0,0.0,0.0,0.0,0.0,0.0,0.0,0.0,0.0,0.0,1.0,1.0,0.0,0.0
1165.0,2.0,0.0,0.0,5175.0,1572.0,23.299244108492665,2805.0,1058.0,95.0,12.0,0.0,0.0,0.0,2.0,0.0,0.0,0.0,0.0,0.0,0.0,0.0,0.0,0.0,0.0,0.0,0.0,0.0
4.0,7.0,0.0,0.0,166.0,187.0,52.97450424929179,90.0,0.0,4.0,0.0,0.0,0.0,0.0,7.0,0.0,0.0,0.0,0.0,0.0,0.0,0.0,0.0,0.0,0.0,0.0,0.0,0.0
2.0,8.0,0.0,0.0,7860.0,22.0,0.2791169753869576,38.0,0.0,2.0,0.0,0.0,0.0,4.0,4.0,0.0,0.0,0.0,0.0,0.0,0.0,0.0,0.0,0.0,0.0,0.0,0.0,0.0
199.0,94.0,0.0,8.0,15843.0,726.0,4.381676625022632,976.0,4.0,194.0,1.0,0.0,0.0,38.0,47.0,0.0,9.0,0.0,0.0,0.0,0.0,0.0,0.0,3.0,0.0,5.0,0.0,0.0
1.0,0.0,0.0,0.0,213.0,88.0,29.2358803986711,5.0,0.0,1.0,0.0,0.0,0.0,0.0,0.0,0.0,0.0,0.0,0.0,0.0,0.0,0.0,0.0,0.0,0.0,0.0,0.0,0.0
1.0,0.0,0.0,2.0,305.0,2.0,0.6514657980456027,5.0,1.0,0.0,0.0,0.0,0.0,0.0,0.0,0.0,0.0,0.0,0.0,0.0,0.0,0.0,0.0,0.0,1.0,1.0,0.0,0.0
5.0,0.0,0.0,0.0,153.0,0.0,0.0,27.0,0.0,4.0,1.0,0.0,0.0,0.0,0.0,0.0,0.0,0.0,0.0,0.0,0.0,0.0,0.0,0.0,0.0,0.0,0.0,0.0
10.0,3.0,0.0,1.0,342.0,26.0,7.065217391304348,106.0,2.0,5.0,3.0,0.0,0.0,0.0,3.0,0.0,0.0,0.0,0.0,0.0,0.0,0.0,0.0,0.0,0.0,1.0,0.0,0.0
83.0,0.0,0.0,0.0,341.0,71.0,17.233009708737864,740.0,43.0,21.0,17.0,0.0,2.0,0.0,0.0,0.0,0.0,0.0,0.0,0.0,0.0,0.0,0.0,0.0,0.0,0.0,0.0,0.0
228.0,45.0,0.0,18.0,8581.0,291.0,3.279981965734896,1830.0,86.0,126.0,16.0,0.0,0.0,9.0,36.0,0.0,0.0,0.0,0.0,0.0,0.0,0.0,0.0,5.0,0.0,4.0,9.0,0.0
2.0,1.0,0.0,0.0,411.0,68.0,14.19624217118998,7.0,0.0,1.0,0.0,0.0,1.0,0.0,1.0,0.0,0.0,0.0,0.0,0.0,0.0,0.0,0.0,0.0,0.0,0.0,0.0,0.0
60.0,1.0,0.0,20.0,844.0,55.0,6.117908787541713,166.0,48.0,12.0,0.0,0.0,0.0,0.0,1.0,0.0,0.0,0.0,0.0,0.0,0.0,0.0,0.0,4.0,13.0,3.0,0.0,0.0
0.0,0.0,0.0,0.0,37.0,0.0,0.0,0.0,0.0,0.0,0.0,0.0,0.0,0.0,0.0,0.0,0.0,0.0,0.0,0.0,0.0,0.0,0.0,0.0,0.0,0.0,0.0,0.0
160.0,286.0,0.0,7.0,18615.0,160.0,0.8521970705725699,2298.0,5.0,153.0,1.0,1.0,0.0,177.0,104.0,5.0,0.0,0.0,0.0,0.0,0.0,0.0,0.0,4.0,0.0,3.0,0.0,0.0
8.0,2.0,0.0,0.0,5315.0,235.0,4.234234234234234,65.0,0.0,8.0,0.0,0.0,0.0,1.0,1.0,0.0,0.0,0.0,0.0,0.0,0.0,0.0,0.0,0.0,0.0,0.0,0.0,0.0
77.0,1.0,0.0,17.0,5514.0,3432.0,38.36351441985244,562.0,24.0,47.0,5.0,1.0,0.0,0.0,1.0,0.0,0.0,0.0,0.0,0.0,0.0,0.0,0.0,15.0,0.0,2.0,0.0,0.0
14.0,0.0,0.0,0.0,571.0,159.0,21.78082191780822,70.0,0.0,1.0,13.0,0.0,0.0,0.0,0.0,0.0,0.0,0.0,0.0,0.0,0.0,0.0,0.0,0.0,0.0,0.0,0.0,0.0
1.0,0.0,0.0,0.0,383.0,21.0,5.198019801980198,14.0,0.0,0.0,1.0,0.0,0.0,0.0,0.0,0.0,0.0,0.0,0.0,0.0,0.0,0.0,0.0,0.0,0.0,0.0,0.0,0.0
5.0,1.0,0.0,0.0,319.0,48.0,13.079019073569482,31.0,4.0,0.0,1.0,0.0,0.0,0.0,1.0,0.0,0.0,0.0,0.0,0.0,0.0,0.0,0.0,0.0,0.0,0.0,0.0,0.0
1950.0,30.0,0.0,9.0,3996.0,1088.0,21.400472069236823,6836.0,1596.0,338.0,16.0,0.0,0.0,0.0,30.0,0.0,0.0,0.0,0.0,0.0,0.0,0.0,0.0,0.0,0.0,9.0,0.0,0.0
0.0,0.0,0.0,0.0,132.0,7.0,5.0359712230215825,0.0,0.0,0.0,0.0,0.0,0.0,0.0,0.0,0.0,0.0,0.0,0.0,0.0,0.0,0.0,0.0,0.0,0.0,0.0,0.0,0.0
5205.0,20.0,0.0,2.0,30458.0,8419.0,21.655477531702548,25381.0,3568.0,803.0,825.0,9.0,0.0,5.0,11.0,0.0,4.0,0.0,0.0,0.0,0.0,0.0,0.0,0.0,0.0,2.0,0.0,0.0
257.0,16.0,0.0,0.0,6583.0,1331.0,16.81829668941117,2542.0,38.0,162.0,57.0,0.0,0.0,0.0,16.0,0.0,0.0,0.0,0.0,0.0,0.0,0.0,0.0,0.0,0.0,0.0,0.0,0.0
2872.0,92.0,3.0,29.0,100005.0,27594.0,21.62556132885054,26833.0,486.0,1771.0,430.0,19.0,166.0,0.0,89.0,2.0,1.0,0.0,0.0,0.0,3.0,0.0,0.0,0.0,16.0,12.0,1.0,0.0
1.0,0.0,0.0,1.0,85.0,6.0,6.593406593406594,5.0,0.0,1.0,0.0,0.0,0.0,0.0,0.0,0.0,0.0,0.0,0.0,0.0,0.0,0.0,0.0,0.0,0.0,1.0,0.0,0.0
5000.0,1869.0,0.0,137.0,187047.0,18223.0,8.877575875675939,73910.0,1751.0,2919.0,290.0,12.0,28.0,1571.0,257.0,32.0,9.0,0.0,0.0,0.0,0.0,0.0,0.0,47.0,0.0,90.0,0.0,0.0
161.0,14.0,0.0,6.0,4742.0,1727.0,26.696552790230328,1573.0,91.0,36.0,32.0,2.0,0.0,6.0,7.0,1.0,0.0,0.0,0.0,0.0,0.0,0.0,0.0,1.0,0.0,5.0,0.0,0.0
4.0,0.0,0.0,2.0,187.0,7.0,3.608247422680412,21.0,1.0,2.0,1.0,0.0,0.0,0.0,0.0,0.0,0.0,0.0,0.0,0.0,0.0,0.0,0.0,0.0,0.0,2.0,0.0,0.0
3.0,0.0,0.0,0.0,162.0,42.0,20.588235294117645,15.0,3.0,0.0,0.0,0.0,0.0,0.0,0.0,0.0,0.0,0.0,0.0,0.0,0.0,0.0,0.0,0.0,0.0,0.0,0.0,0.0
4434.0,35.0,0.0,19.0,52358.0,15731.0,23.10358501373203,18683.0,3401.0,774.0,253.0,6.0,0.0,0.0,24.0,0.0,11.0,0.0,0.0,0.0,0.0,0.0,0.0,0.0,1.0,18.0,0.0,0.0
29.0,0.0,0.0,1.0,808.0,1.0,0.12360939431396785,830.0,0.0,22.0,7.0,0.0,0.0,0.0,0.0,0.0,0.0,0.0,0.0,0.0,0.0,0.0,0.0,0.0,0.0,1.0,0.0,0.0
0.0,3.0,0.0,0.0,655.0,0.0,0.0,12.0,0.0,0.0,0.0,0.0,0.0,2.0,1.0,0.0,0.0,0.0,0.0,0.0,0.0,0.0,0.0,0.0,0.0,0.0,0.0,0.0
36.0,8.0,0.0,6.0,5990.0,373.0,5.862014772905862,233.0,5.0,24.0,6.0,0.0,1.0,7.0,1.0,0.0,0.0,0.0,0.0,0.0,0.0,0.0,0.0,0.0,0.0,2.0,4.0,0.0
7.0,4.0,0.0,4.0,463.0,29.0,5.894308943089431,89.0,0.0,7.0,0.0,0.0,0.0,2.0,2.0,0.0,0.0,0.0,0.0,0.0,0.0,0.0,0.0,4.0,0.0,0.0,0.0,0.0
6.0,0.0,0.0,2.0,140.0,8.0,5.405405405405405,90.0,2.0,2.0,2.0,0.0,0.0,0.0,0.0,0.0,0.0,0.0,0.0,0.0,0.0,0.0,0.0,0.0,1.0,1.0,0.0,0.0
1366.0,0.0,0.0,8.0,10361.0,7383.0,41.608431018935974,7351.0,737.0,572.0,56.0,1.0,0.0,0.0,0.0,0.0,0.0,0.0,0.0,0.0,0.0,0.0,0.0,0.0,0.0,8.0,0.0,0.0
